98-001;   AMPOULE  NEON  COURT  LED ;3;pces;;;  3 pces;;
98-002;   AMPOULE  NEON  LONG  LED ;14;pces;;;  14 pces;;
98-003;   AMPOULE 220 V  TSOTRA ;1;pces;;;  1 pces;;
98-004;   AMPOULE VEILLEUSE LED TSOTRA ;;U;;;;;
98-005;   AMPOULE VEILLEUSE TSOTRA LED ;10;pces;;;  10 pces;;
98-006;   AMPOULE 220V-100W A VIS ;8;U;;;  8 U;;
98-009;   AMPOULE NEON 120 ;;U;;;;;
98-010;   AMPOULE VEILLEUSE BE VODY ;7;U;;;  7 U;;
98-011;   BAG PLASTIQUE ;;U;;;;;
98-012;   EAU DE JAVEL ;96;FL/;;;  96 FL/;;
98-013;   KOFEHY FOTSY ;3;u;;;  3 u;;
98-014;   PAPIER HYGIENIQUE ;405;U;;;  405 U;;
98-015;   PELE A MAIN ;;U;;;;;
98-016;   PORTE SAVON ;10;u;;;  10 u;;
98-017;   SAVON DETOILETTE ;37;U;;;  37 U;;
98-018;   SAVON DETOILETTE KELY ;7;U;;;  7 U;;
98-019;   SAVON MORCEAU ;287;U;;;  287 U;;
98-020;   SERPILLERE ;26;U;;;  26 U;;
98-021;   SIPREX ;12;U;;;  12 U;;
98-022;   VIM ;9;FL/;;;  9 FL/;;
98-023;   SAVON NOSY ;36;pces;;;  36 pces;;
98-024;   ACIDE CHLORHIDRIQUE ;8;FL/;;;  8 FL/;;
98-025;   SEAU ;4;pces;;;  4 pces;;
98-026;   AMPOULE VEILLEUSE KELY VODY ;7;U;;;  7 U;;
98-027;   SERVIETTE ;;pce;;;;;
98-028;   SERUM DE CONTROL HUMAN ;;bte;;;;;
98-029;   ULTRA BRILLANT ;;Fl;;;;;